<?xml version="1.0" encoding="UTF-8"?>
<project-private xmlns="http://www.netbeans.org/ns/project-private/1">
    <editor-bookmarks xmlns="http://www.netbeans.org/ns/editor-bookmarks/2" lastBookmarkId="0"/>
    <open-files xmlns="http://www.netbeans.org/ns/projectui-open-files/2">
        <group>
            <file>file:/C:/Users/imash/Downloads/Hospital%20Management%20SystemF/Hospital%20Management%20SystemF/src/java/com/hospital/servlet/PatientServlet.java</file>
            <file>file:/C:/Users/imash/Downloads/Hospital%20Management%20SystemF/Hospital%20Management%20SystemF/web/patient/patientDashboard.jsp</file>
            <file>file:/C:/Users/imash/Downloads/Hospital%20Management%20SystemF/Hospital%20Management%20SystemF/src/java/com/hospital/servlet/LoginServlet.java</file>
            <file>file:/C:/Users/imash/Downloads/Hospital%20Management%20SystemF/Hospital%20Management%20SystemF/web/login.jsp</file>
        </group>
    </open-files>
</project-private>
